data_base,segmento,porte_indisponivel,carteira_ativa,operacoes,celulas_suprimidas,celulas
2019-01-31,Arrendamento,False,506075340.74,975.0,93,136
2019-01-31,Arrendamento,True,7390398.89,55.0,10,15
2019-01-31,Banco,False,65950677668.67,1279522.0,820,3351
2019-01-31,Banco,True,1509323748.42,195294.0,134,474
2019-01-31,Cooperativa,False,6558399494.23,478647.0,431,1584
2019-01-31,Cooperativa,True,13215697.12,883.0,60,96
2019-01-31,Desenvolvimento/Fomento,False,14833842786.34,13828.0,151,445
2019-01-31,Desenvolvimento/Fomento,True,27953596.86,0.0,24,24
2019-01-31,Financeira,False,565970928.15,12061.0,141,248
2019-01-31,Financeira,True,1541433.8,0.0,12,12
2019-01-31,Outros,False,11086329.93,65.0,29,31
2019-02-28,Arrendamento,False,500991633.27,997.0,91,134
2019-02-28,Arrendamento,True,9543539.82,55.0,10,15
2019-02-28,Banco,False,66249020236.02,1310066.0,813,3350
2019-02-28,Banco,True,1505757999.8700001,185897.0,128,478
2019-02-28,Cooperativa,False,6715988667.72,499566.0,447,1594
2019-02-28,Cooperativa,True,12095430.87,571.0,62,92
2019-02-28,Desenvolvimento/Fomento,False,14684620694.32,13918.0,151,430
2019-02-28,Desenvolvimento/Fomento,True,32324170.68,0.0,26,26
2019-02-28,Financeira,False,555545639.12,12208.0,141,249
2019-02-28,Financeira,True,1231187.53,0.0,13,13
2019-02-28,Outros,False,10004190.08,71.0,28,30
2019-03-31,Arrendamento,False,497520607.83,974.0,88,130
2019-03-31,Arrendamento,True,6916595.949999999,42.0,7,12
2019-03-31,Banco,False,67443384519.76,1346097.0,824,3366
2019-03-31,Banco,True,1499273162.3500001,158673.0,152,528
2019-03-31,Cooperativa,False,6713456785.99,503671.0,437,1590
2019-03-31,Cooperativa,True,16524338.87,1123.0,85,131
2019-03-31,Desenvolvimento/Fomento,False,14462145683.539999,13972.0,155,442
2019-03-31,Desenvolvimento/Fomento,True,140530297.95000002,80.0,30,35
2019-03-31,Financeira,False,574322026.39,12302.0,135,248
2019-03-31,Financeira,True,702566.52,0.0,13,13
2019-03-31,Outros,False,9784433.94,70.0,29,31
2019-04-30,Arrendamento,False,499335500.99,937.0,91,133
2019-04-30,Arrendamento,True,11947752.200000001,40.0,7,12
2019-04-30,Banco,False,66967693633.92,1345445.0,815,3354
2019-04-30,Banco,True,2417968879.38,167927.0,165,583
2019-04-30,Cooperativa,False,6773763909.59,510854.0,430,1589
2019-04-30,Cooperativa,True,15685631.3,881.0,86,129
2019-04-30,Desenvolvimento/Fomento,False,14322235426.880001,14009.0,158,445
2019-04-30,Desenvolvimento/Fomento,True,146575515.17,86.0,29,34
2019-04-30,Financeira,False,581984592.61,12564.0,136,250
2019-04-30,Financeira,True,745688.64,0.0,15,15
2019-04-30,Outros,False,10237603.55,76.0,33,35
2019-04-30,Outros,True,494.68,0.0,1,1
2019-05-31,Arrendamento,False,488686164.31,899.0,86,126
2019-05-31,Arrendamento,True,15729897.6,49.0,8,13
2019-05-31,Banco,False,66503118344.6,1367174.0,814,3343
2019-05-31,Banco,True,2582775748.36,186084.0,172,591
2019-05-31,Cooperativa,False,6849885949.06,531609.0,416,1598
2019-05-31,Cooperativa,True,23495128.94,1665.0,83,132
2019-05-31,Desenvolvimento/Fomento,False,14316712020.8,14079.0,156,445
2019-05-31,Desenvolvimento/Fomento,True,171118449.21,124.0,29,36
2019-05-31,Financeira,False,588306866.13,12792.0,126,244
2019-05-31,Financeira,True,2605505.87,27.0,18,21
2019-05-31,Outros,False,12510084.58,95.0,31,33
2019-05-31,Outros,True,1275.86,0.0,1,1
2019-06-30,Arrendamento,False,495368250.52,975.0,83,124
2019-06-30,Arrendamento,True,5928346.16,33.0,14,18
2019-06-30,Banco,False,66109471431.93,1410350.0,800,3348
2019-06-30,Banco,True,3986225835.49,172179.0,176,598
2019-06-30,Cooperativa,False,7002682290.31,543141.0,415,1618
2019-06-30,Cooperativa,True,25902196.509999998,1381.0,84,135
2019-06-30,Desenvolvimento/Fomento,False,14142046806.37,14200.0,158,447
2019-06-30,Desenvolvimento/Fomento,True,183197435.79,137.0,28,35
2019-06-30,Financeira,False,604244180.23,13130.0,130,249
2019-06-30,Financeira,True,2582013.61,28.0,16,19
2019-06-30,Outros,False,12701618.629999999,66.0,33,34
2019-07-31,Arrendamento,False,503831449.35,969.0,83,124
2019-07-31,Arrendamento,True,6865190.96,32.0,14,18
2019-07-31,Banco,False,64861596899.44,1373169.0,817,3363
2019-07-31,Banco,True,4036131847.5,187144.0,171,604
2019-07-31,Cooperativa,False,7123490808.76,540858.0,427,1636
2019-07-31,Cooperativa,True,23704940.6,1351.0,93,145
2019-07-31,Desenvolvimento/Fomento,False,13915451917.98,14389.0,153,449
2019-07-31,Desenvolvimento/Fomento,True,184909562.82,141.0,29,36
2019-07-31,Financeira,False,606300782.03,13126.0,141,258
2019-07-31,Financeira,True,2782403.95,28.0,16,19
2019-07-31,Outros,False,12309180.31,81.0,30,32
2019-08-31,Arrendamento,False,496646304.59,1015.0,80,124
2019-08-31,Arrendamento,True,5371030.5600000005,18.0,14,16
2019-08-31,Banco,False,68315455409.8,1469036.0,788,3339
2019-08-31,Banco,True,2051826327.91,102143.0,184,558
2019-08-31,Cooperativa,False,7231089237.48,551581.0,420,1630
2019-08-31,Cooperativa,True,22665355.900000002,1368.0,82,139
2019-08-31,Desenvolvimento/Fomento,False,13859321415.49,14446.0,155,450
2019-08-31,Desenvolvimento/Fomento,True,209628146.36999997,152.0,30,37
2019-08-31,Financeira,False,619546767.13,13402.0,146,268
2019-08-31,Financeira,True,2925572.31,27.0,16,19
2019-08-31,Outros,False,10340299.22,74.0,28,30
2019-09-30,Arrendamento,False,497566317.86,1013.0,77,123
2019-09-30,Arrendamento,True,5210174.45,17.0,13,15
2019-09-30,Banco,False,69952609561.89,1487482.0,783,3338
2019-09-30,Banco,True,2003595139.16,93935.0,181,547
2019-09-30,Cooperativa,False,7325349034.2300005,558358.0,427,1641
2019-09-30,Cooperativa,True,21467731.18,1352.0,77,137
2019-09-30,Desenvolvimento/Fomento,False,13775550057.390001,14538.0,151,465
2019-09-30,Desenvolvimento/Fomento,True,215545541.42,162.0,30,37
2019-09-30,Financeira,False,649868232.58,13669.0,148,271
2019-09-30,Financeira,True,2586500.4,24.0,16,19
2019-09-30,Fintech,False,249554.71,0.0,2,2
2019-09-30,Outros,False,10404283.85,73.0,25,27
2019-10-31,Arrendamento,False,507596290.48,1034.0,75,121
2019-10-31,Arrendamento,True,5650725.95,14.0,13,15
2019-10-31,Banco,False,69110307380.21,1482847.0,803,3347
2019-10-31,Banco,True,1859466370.65,80707.0,177,537
2019-10-31,Cooperativa,False,7482703195.76,567117.0,414,1630
2019-10-31,Cooperativa,True,29878073.240000002,1382.0,92,143
2019-10-31,Desenvolvimento/Fomento,False,13719099083.3,14710.0,149,469
2019-10-31,Desenvolvimento/Fomento,True,217527520.59,166.0,30,37
2019-10-31,Financeira,False,632465003.4,13646.0,147,274
2019-10-31,Financeira,True,2398719.13,23.0,16,19
2019-10-31,Fintech,False,2174994.6,7.0,10,11
2019-10-31,Outros,False,8680384.69,75.0,25,27
2019-11-30,Arrendamento,False,525044635.69,1033.0,77,119
2019-11-30,Arrendamento,True,20590371.42,19.0,13,16
2019-11-30,Banco,False,69561339414.53,1500753.0,803,3334
2019-11-30,Banco,True,2068584287.49,79872.0,176,530
2019-11-30,Cooperativa,False,7716933803.07,576230.0,430,1642
2019-11-30,Cooperativa,True,22277793.71,1387.0,92,148
2019-11-30,Desenvolvimento/Fomento,False,13681938419.09,14867.0,143,467
2019-11-30,Desenvolvimento/Fomento,True,220627195.53,170.0,30,37
2019-11-30,Financeira,False,659478767.37,13794.0,140,274
2019-11-30,Financeira,True,2065858.95,8.0,19,20
2019-11-30,Fintech,False,2557513.05,8.0,12,13
2019-11-30,Outros,False,9384801.25,75.0,28,30
2019-12-31,Arrendamento,False,454536583.56,892.0,74,111
2019-12-31,Arrendamento,True,93986405.21,141.0,18,26
2019-12-31,Banco,False,65643697208.83,1095141.0,785,3238
2019-12-31,Banco,True,7760895252.7,476241.0,161,659
2019-12-31,Cooperativa,False,7847578267.02,564450.0,443,1651
2019-12-31,Cooperativa,True,21036616.939999998,1289.0,84,143
2019-12-31,Desenvolvimento/Fomento,False,13657517797.75,14967.0,138,465
2019-12-31,Desenvolvimento/Fomento,True,223083766.51999998,172.0,30,37
2019-12-31,Financeira,False,673457174.36,13936.0,148,279
2019-12-31,Financeira,True,1708546.4000000001,8.0,14,15
2019-12-31,Fintech,False,3037649.18,16.0,13,15
2019-12-31,Outros,False,9723167.879999999,68.0,29,31
2020-01-31,Arrendamento,False,531818190.94,1021.0,77,117
2020-01-31,Arrendamento,True,19467096.849999998,20.0,14,17
2020-01-31,Banco,False,69579453509.02,1392446.0,782,3302
2020-01-31,Banco,True,3169251641.66,137340.0,179,605
2020-01-31,Cooperativa,False,8032103382.94,560927.0,423,1648
2020-01-31,Cooperativa,True,29067139.05,1019.0,93,151
2020-01-31,Desenvolvimento/Fomento,False,13328277670.08,14966.0,133,458
2020-01-31,Desenvolvimento/Fomento,True,229910119.56,176.0,30,37
2020-01-31,Financeira,False,670378657.31,13920.0,140,274
2020-01-31,Financeira,True,1520425.35,8.0,14,15
2020-01-31,Fintech,False,4078867.22,20.0,15,17
2020-01-31,Outros,False,9762433.25,69.0,28,30
2020-02-29,Arrendamento,False,539728041.72,1034.0,77,116
2020-02-29,Arrendamento,True,18057736.69,19.0,14,17
2020-02-29,Banco,False,71047592476.89,1427233.0,789,3295
2020-02-29,Banco,True,2511176764.94,116789.0,195,600
2020-02-29,Cooperativa,False,8243111402.02,571782.0,410,1651
2020-02-29,Cooperativa,True,33871092.89,1330.0,97,156
2020-02-29,Desenvolvimento/Fomento,False,13222606519.41,15133.0,137,467
2020-02-29,Desenvolvimento/Fomento,True,227933201.84,174.0,30,37
2020-02-29,Financeira,False,671154349.96,13997.0,141,274
2020-02-29,Financeira,True,1520255.07,8.0,14,15
2020-02-29,Fintech,False,4694919.8,22.0,16,18
2020-02-29,Outros,False,10701319.83,74.0,30,32
2020-03-31,Arrendamento,False,538936763.05,1044.0,78,116
2020-03-31,Arrendamento,True,10562933.75,19.0,13,16
2020-03-31,Banco,False,76827576619.97,1423905.0,794,3307
2020-03-31,Banco,True,4579384701.34,101410.0,194,590
2020-03-31,Cooperativa,False,8512165881.57,562452.0,428,1680
2020-03-31,Cooperativa,True,34831149.69,1245.0,98,152
2020-03-31,Desenvolvimento/Fomento,False,13031797569.77,15230.0,137,473
2020-03-31,Desenvolvimento/Fomento,True,240866526.18,189.0,30,37
2020-03-31,Financeira,False,687495876.02,14226.0,140,277
2020-03-31,Financeira,True,1468236.77,19.0,15,18
2020-03-31,Fintech,False,5390303.79,25.0,20,22
2020-03-31,Outros,False,10652051.030000001,75.0,30,32
2020-04-30,Arrendamento,False,533541453.52,1040.0,75,113
2020-04-30,Arrendamento,True,7648428.22,19.0,11,14
2020-04-30,Banco,False,82826761693.04,1299234.0,809,3333
2020-04-30,Banco,True,2160159839.79,88088.0,189,595
2020-04-30,Cooperativa,False,8656013107.14,501632.0,452,1731
2020-04-30,Cooperativa,True,136582439.63,13371.0,117,213
2020-04-30,Desenvolvimento/Fomento,False,12918560921.08,15120.0,139,482
2020-04-30,Desenvolvimento/Fomento,True,244699545.07999998,183.0,27,34
2020-04-30,Financeira,False,674514672.36,14147.0,156,292
2020-04-30,Financeira,True,1337165.49,6.0,15,16
2020-04-30,Fintech,False,5662345.46,25.0,21,23
2020-04-30,Fintech,True,32312.71,0.0,1,1
2020-04-30,Outros,False,10671450.22,37.0,29,30
2020-05-31,Arrendamento,False,495863601.1,975.0,72,110
2020-05-31,Arrendamento,True,7290840.78,16.0,11,14
2020-05-31,Banco,False,81957001707.88,1246371.0,797,3334
2020-05-31,Banco,True,2307706080.43,90289.0,182,598
2020-05-31,Cooperativa,False,8643370747.27,463197.0,438,1740
2020-05-31,Cooperativa,True,293123292.74,25111.0,117,236
2020-05-31,Desenvolvimento/Fomento,False,13032383827.44,15448.0,144,527
2020-05-31,Desenvolvimento/Fomento,True,251305909.11,180.0,28,37
2020-05-31,Financeira,False,662813174.13,16569.0,159,295
2020-05-31,Financeira,True,1431255.98,12.0,14,16
2020-05-31,Fintech,False,5565490.19,25.0,22,24
2020-05-31,Fintech,True,33160.75,0.0,1,1
2020-05-31,Outros,False,11688563.42,40.0,40,42
2020-06-30,Arrendamento,False,483317962.65,958.0,71,108
2020-06-30,Arrendamento,True,7235773.37,10.0,12,14
2020-06-30,Banco,False,82843070958.74,1212224.0,793,3314
2020-06-30,Banco,True,2356814212.87,86379.0,196,613
2020-06-30,Cooperativa,False,8820467061.14,434044.0,436,1747
2020-06-30,Cooperativa,True,435120459.01,39800.0,114,260
2020-06-30,Desenvolvimento/Fomento,False,12992352395.04,15290.0,151,534
2020-06-30,Desenvolvimento/Fomento,True,268165731.01999998,180.0,27,35
2020-06-30,Financeira,False,684708942.5699999,18738.0,157,293
2020-06-30,Financeira,True,1365282.98,12.0,15,17
2020-06-30,Fintech,False,5625953.17,27.0,25,27
2020-06-30,Fintech,True,32133.52,0.0,1,1
2020-06-30,Outros,False,11580394.12,32.0,42,44
2020-07-31,Arrendamento,False,481603866.42,989.0,69,108
2020-07-31,Arrendamento,True,5154646.14,0.0,6,6
2020-07-31,Banco,False,85444754158.93,1240046.0,814,3371
2020-07-31,Banco,True,1588007274.64,39909.0,199,506
2020-07-31,Cooperativa,False,9379349341.61,452006.0,448,1752
2020-07-31,Cooperativa,True,313842808.4,17646.0,141,249
2020-07-31,Desenvolvimento/Fomento,False,12856452311.04,15427.0,166,541
2020-07-31,Desenvolvimento/Fomento,True,272521064.66,180.0,25,33
2020-07-31,Financeira,False,576380020.0,17246.0,163,303
2020-07-31,Financeira,True,1181854.2,6.0,15,16
2020-07-31,Fintech,False,5655464.66,34.0,25,28
2020-07-31,Fintech,True,31106.19,0.0,1,1
2020-07-31,Outros,False,11664572.16,21.0,46,48
2020-08-31,Arrendamento,False,446701223.58,967.0,73,111
2020-08-31,Arrendamento,True,6920888.46,0.0,8,8
2020-08-31,Banco,False,88188697020.92,1241800.0,842,3391
2020-08-31,Banco,True,1541170668.77,32416.0,189,480
2020-08-31,Cooperativa,False,9307870379.91,415167.0,421,1734
2020-08-31,Cooperativa,True,602362774.03,53180.0,140,298
2020-08-31,Desenvolvimento/Fomento,False,12933768638.67,16000.0,161,558
2020-08-31,Desenvolvimento/Fomento,True,288663666.96,187.0,23,31
2020-08-31,Financeira,False,574685590.69,18323.0,181,318
2020-08-31,Financeira,True,948445.81,6.0,13,14
2020-08-31,Fintech,False,5897448.95,63.0,24,28
2020-08-31,Fintech,True,30051.89,0.0,1,1
2020-08-31,Outros,False,12768299.52,27.0,44,46
2020-09-30,Arrendamento,False,441713941.12,983.0,74,113
2020-09-30,Arrendamento,True,4999012.95,0.0,6,6
2020-09-30,Banco,False,91622196147.85,1249097.0,823,3412
2020-09-30,Banco,True,1511586379.32,29899.0,195,443
2020-09-30,Cooperativa,False,10382485923.67,452902.0,452,1756
2020-09-30,Cooperativa,True,399190650.67,19634.0,139,253
2020-09-30,Desenvolvimento/Fomento,False,13298474942.16,16403.0,164,554
2020-09-30,Desenvolvimento/Fomento,True,294050563.63,186.0,21,29
2020-09-30,Financeira,False,596456762.27,18952.0,180,320
2020-09-30,Financeira,True,1167830.13,0.0,15,15
2020-09-30,Fintech,False,6627027.8,98.0,26,31
2020-09-30,Fintech,True,25681.59,0.0,1,1
2020-09-30,Outros,False,13088271.129999999,31.0,42,44
2020-10-31,Arrendamento,False,441734758.1,979.0,72,112
2020-10-31,Arrendamento,True,4787740.5200000005,0.0,5,5
2020-10-31,Banco,False,93654965157.38,1280500.0,823,3415
2020-10-31,Banco,True,1573907777.12,29349.0,186,446
2020-10-31,Cooperativa,False,10568279166.039999,419134.0,454,1756
2020-10-31,Cooperativa,True,758175127.67,69196.0,121,294
2020-10-31,Desenvolvimento/Fomento,False,13292069123.21,16603.0,157,564
2020-10-31,Desenvolvimento/Fomento,True,302379434.10999995,183.0,22,30
2020-10-31,Financeira,False,590475393.12,21235.0,163,288
2020-10-31,Financeira,True,4074652.09,392.0,42,63
2020-10-31,Fintech,False,7300550.1,113.0,28,32
2020-10-31,Outros,False,15025206.51,26.0,45,47
2020-11-30,Arrendamento,False,448029330.15999997,983.0,72,112
2020-11-30,Arrendamento,True,4596447.34,0.0,5,5
2020-11-30,Banco,False,97072300512.13,1320636.0,817,3396
2020-11-30,Banco,True,1517265349.21,29687.0,184,453
2020-11-30,Cooperativa,False,10995165639.7,414667.0,445,1741
2020-11-30,Cooperativa,True,930646229.8100001,86046.0,115,293
2020-11-30,Desenvolvimento/Fomento,False,13205007822.04,16806.0,150,562
2020-11-30,Desenvolvimento/Fomento,True,305086181.59999996,184.0,22,30
2020-11-30,Financeira,False,590237108.54,10576.0,152,280
2020-11-30,Financeira,True,2461190.19,327.0,43,58
2020-11-30,Fintech,False,7441746.5200000005,128.0,29,34
2020-11-30,Outros,False,29539684.69,546.0,49,60
2020-12-31,Arrendamento,False,444195892.32,964.0,75,115
2020-12-31,Arrendamento,True,4403400.65,0.0,5,5
2020-12-31,Banco,False,98513402975.4,1361384.0,816,3435
2020-12-31,Banco,True,1550897860.43,25661.0,193,472
2020-12-31,Cooperativa,False,11343484608.2,413774.0,447,1761
2020-12-31,Cooperativa,True,921838270.67,88958.0,112,295
2020-12-31,Desenvolvimento/Fomento,False,13158097696.43,16871.0,141,552
2020-12-31,Desenvolvimento/Fomento,True,308348837.28,188.0,22,30
2020-12-31,Financeira,False,572369292.29,10351.0,153,280
2020-12-31,Financeira,True,2362501.46,337.0,43,59
2020-12-31,Fintech,False,9568311.64,178.0,32,40
2020-12-31,Outros,False,53972873.44,1464.0,43,66
2021-01-31,Arrendamento,False,437192736.04,949.0,77,115
2021-01-31,Arrendamento,True,4236059.59,0.0,5,5
2021-01-31,Banco,False,98454276583.23,1360126.0,840,3478
2021-01-31,Banco,True,1530496993.96,18058.0,175,428
2021-01-31,Cooperativa,False,11348933806.32,411417.0,473,1812
2021-01-31,Cooperativa,True,996597768.87,99961.0,123,312
2021-01-31,Desenvolvimento/Fomento,False,12919394756.66,16805.0,148,552
2021-01-31,Desenvolvimento/Fomento,True,311096970.03999996,189.0,23,31
2021-01-31,Financeira,False,565389500.23,10009.0,161,286
2021-01-31,Financeira,True,5124525.140000001,448.0,42,62
2021-01-31,Fintech,False,9698950.56,201.0,36,43
2021-01-31,Fintech,True,8545.03,0.0,1,1
2021-01-31,Outros,False,54162998.6,1499.0,46,68
2021-01-31,Outros,True,58786.28,0.0,1,1
2021-02-28,Arrendamento,False,433087726.82,955.0,78,116
2021-02-28,Arrendamento,True,4289420.800000001,0.0,6,6
2021-02-28,Banco,False,99048262131.84,1396009.0,843,3478
2021-02-28,Banco,True,1633200126.87,17318.0,168,427
2021-02-28,Cooperativa,False,11377932235.53,421354.0,474,1824
2021-02-28,Cooperativa,True,1049743863.2,102689.0,122,316
2021-02-28,Desenvolvimento/Fomento,False,12792392632.1,16838.0,153,554
2021-02-28,Desenvolvimento/Fomento,True,332180999.45,191.0,23,31
2021-02-28,Financeira,False,583881510.84,10883.0,180,324
2021-02-28,Financeira,True,1337282.4300000002,0.0,13,13
2021-02-28,Fintech,False,10645548.36,229.0,35,43
2021-02-28,Fintech,True,79517.62,44.0,0,1
2021-02-28,Outros,False,53114201.21,1498.0,44,68
2021-02-28,Outros,True,58828.69,0.0,1,1
2021-03-31,Arrendamento,False,422910030.65,936.0,78,115
2021-03-31,Arrendamento,True,4068491.84,0.0,6,6
2021-03-31,Banco,False,101840464469.89,1408281.0,843,3482
2021-03-31,Banco,True,1722981167.99,17602.0,183,441
2021-03-31,Cooperativa,False,11638067654.83,411119.0,481,1825
2021-03-31,Cooperativa,True,1203831409.67,119284.0,110,320
2021-03-31,Desenvolvimento/Fomento,False,12708618689.52,16780.0,151,556
2021-03-31,Desenvolvimento/Fomento,True,323595910.34000003,188.0,22,30
2021-03-31,Financeira,False,580084598.02,10731.0,177,322
2021-03-31,Financeira,True,943512.22,0.0,13,13
2021-03-31,Fintech,False,12267302.42,333.0,35,45
2021-03-31,Instituição de pagamento,False,300316.76,72.0,20,23
2021-03-31,Outros,False,51403081.12,1485.0,43,65
2021-03-31,Outros,True,9665.65,0.0,1,1
2021-04-30,Arrendamento,False,423440632.85,933.0,77,115
2021-04-30,Arrendamento,True,3885779.3200000003,0.0,6,6
2021-04-30,Banco,False,101234014009.47,1414257.0,845,3461
2021-04-30,Banco,True,1732810425.41,22362.0,173,448
2021-04-30,Cooperativa,False,11730348453.44,412111.0,470,1821
2021-04-30,Cooperativa,True,1270957918.88,123411.0,110,316
2021-04-30,Desenvolvimento/Fomento,False,12608709798.58,16612.0,151,554
2021-04-30,Desenvolvimento/Fomento,True,322927022.6,189.0,24,32
2021-04-30,Financeira,False,596998934.01,10955.0,169,315
2021-04-30,Financeira,True,1036395.01,0.0,13,13
2021-04-30,Fintech,False,13836906.39,380.0,36,48
2021-04-30,Instituição de pagamento,False,271712.67,49.0,17,19
2021-04-30,Instituição de pagamento,True,154818.8,432.0,4,11
2021-04-30,Outros,False,53798490.26,1486.0,45,75
2021-04-30,Outros,True,9672.45,0.0,1,1
2021-05-31,Arrendamento,False,420360828.32,979.0,73,112
2021-05-31,Arrendamento,True,3701472.58,0.0,6,6
2021-05-31,Banco,False,101744342830.0,1436067.0,855,3452
2021-05-31,Banco,True,1534169018.92,21859.0,173,454
2021-05-31,Cooperativa,False,11920285188.91,411580.0,460,1816
2021-05-31,Cooperativa,True,1288243095.17,129525.0,94,313
2021-05-31,Desenvolvimento/Fomento,False,12621991244.96,16635.0,145,545
2021-05-31,Desenvolvimento/Fomento,True,323611806.73,192.0,23,31
2021-05-31,Financeira,False,625207233.72,10981.0,181,322
2021-05-31,Financeira,True,1346311.95,0.0,10,10
2021-05-31,Fintech,False,15400491.76,437.0,38,52
2021-05-31,Fintech,True,5930.0,0.0,1,1
2021-05-31,Instituição de pagamento,False,239163.22,18.0,15,16
2021-05-31,Instituição de pagamento,True,288837.4,899.0,2,11
2021-05-31,Outros,False,52742749.47,1488.0,45,78
2021-05-31,Outros,True,9679.48,0.0,1,1
2021-06-30,Arrendamento,False,426075948.49,968.0,74,113
2021-06-30,Arrendamento,True,3477237.6,0.0,6,6
2021-06-30,Banco,False,104032983700.5,1424204.0,841,3417
2021-06-30,Banco,True,1624763766.1100001,24506.0,161,472
2021-06-30,Cooperativa,False,12081042436.710001,393905.0,466,1819
2021-06-30,Cooperativa,True,1483115865.67,155887.0,95,317
2021-06-30,Desenvolvimento/Fomento,False,12469434251.0,16917.0,171,579
2021-06-30,Desenvolvimento/Fomento,True,327800101.35,194.0,22,30
2021-06-30,Financeira,False,641959439.59,11159.0,176,319
2021-06-30,Financeira,True,1553499.43,0.0,13,13
2021-06-30,Fintech,False,15713399.94,443.0,36,51
2021-06-30,Fintech,True,495255.78,22.0,0,1
2021-06-30,Instituição de pagamento,False,22070.79,19.0,2,3
2021-06-30,Instituição de pagamento,True,474284.69,1455.0,2,13
2021-06-30,Outros,False,52749626.089999996,1490.0,43,78
2021-06-30,Outros,True,9679.48,0.0,1,1
2021-07-31,Arrendamento,False,418269225.03,987.0,71,110
2021-07-31,Arrendamento,True,485033.56,0.0,5,5
2021-07-31,Banco,False,104147409199.25,1407238.0,845,3402
2021-07-31,Banco,True,1778443486.18,41014.0,165,484
2021-07-31,Cooperativa,False,12580697851.24,405232.0,461,1817
2021-07-31,Cooperativa,True,1587606473.04,152434.0,88,315
2021-07-31,Desenvolvimento/Fomento,False,12236815368.19,17435.0,171,575
2021-07-31,Desenvolvimento/Fomento,True,325926528.79,194.0,23,31
2021-07-31,Financeira,False,639893018.26,11348.0,179,321
2021-07-31,Financeira,True,4864864.43,0.0,13,13
2021-07-31,Fintech,False,15259632.13,427.0,37,52
2021-07-31,Fintech,True,452788.45,31.0,0,1
2021-07-31,Instituição de pagamento,False,23291.07,13.0,2,3
2021-07-31,Instituição de pagamento,True,692995.1299999999,2096.0,2,13
2021-07-31,Outros,False,50462812.64,1491.0,40,77
2021-07-31,Outros,True,9740.86,0.0,1,1
2021-08-31,Arrendamento,False,412817707.24,947.0,75,111
2021-08-31,Arrendamento,True,442452.94,0.0,4,4
2021-08-31,Banco,False,107418908357.4,1414883.0,847,3435
2021-08-31,Banco,True,1632085878.4499998,23062.0,173,461
2021-08-31,Cooperativa,False,12865452319.06,427710.0,449,1815
2021-08-31,Cooperativa,True,1580382623.02,136961.0,103,347
2021-08-31,Desenvolvimento/Fomento,False,12310613962.44,18151.0,169,580
2021-08-31,Desenvolvimento/Fomento,True,333798746.66,192.0,22,30
2021-08-31,Financeira,False,664067768.44,11687.0,180,329
2021-08-31,Financeira,True,5123892.34,0.0,15,15
2021-08-31,Fintech,False,14875997.35,434.0,38,53
2021-08-31,Fintech,True,1076724.92,52.0,3,5
2021-08-31,Instituição de pagamento,False,23993.64,0.0,7,7
2021-08-31,Instituição de pagamento,True,977058.1,2894.0,3,14
2021-08-31,Outros,False,48644426.559999995,1489.0,42,80
2021-08-31,Outros,True,9764.3,0.0,1,1
2021-09-30,Arrendamento,False,456487244.5,972.0,71,109
2021-09-30,Arrendamento,True,411816.79,0.0,4,4
2021-09-30,Banco,False,109689943548.99,1415364.0,852,3429
2021-09-30,Banco,True,1753344638.42,39629.0,161,483
2021-09-30,Cooperativa,False,13075077841.94,422397.0,455,1836
2021-09-30,Cooperativa,True,1746410080.98,160607.0,115,357
2021-09-30,Desenvolvimento/Fomento,False,12291440276.56,18606.0,171,584
2021-09-30,Desenvolvimento/Fomento,True,333281563.46000004,188.0,22,30
2021-09-30,Financeira,False,707247399.86,12008.0,176,328
2021-09-30,Financeira,True,5195712.84,0.0,17,17
2021-09-30,Fintech,False,17133883.89,499.0,41,56
2021-09-30,Instituição de pagamento,False,31439.24,42.0,5,7
2021-09-30,Instituição de pagamento,True,1402453.7000000002,4098.0,4,15
2021-09-30,Outros,False,48678625.94,1480.0,40,77
2021-09-30,Outros,True,9442.87,0.0,1,1
2021-10-31,Arrendamento,False,465239380.25,935.0,73,108
2021-10-31,Arrendamento,True,382339.88,0.0,3,3
2021-10-31,Banco,False,110932553746.06,1460483.0,833,3427
2021-10-31,Banco,True,1715816743.32,25734.0,185,477
2021-10-31,Cooperativa,False,13504945591.97,446516.0,482,1861
2021-10-31,Cooperativa,True,1670928870.74,156837.0,113,354
2021-10-31,Desenvolvimento/Fomento,False,12421542852.17,19056.0,168,597
2021-10-31,Desenvolvimento/Fomento,True,311754529.81,187.0,18,26
2021-10-31,Financeira,False,716167409.8,12268.0,177,332
2021-10-31,Financeira,True,11162614.8,50.0,19,21
2021-10-31,Fintech,False,19328666.61,546.0,42,58
2021-10-31,Fintech,True,151128.31,0.0,1,1
2021-10-31,Instituição de pagamento,False,68849.02,42.0,14,16
2021-10-31,Instituição de pagamento,True,1876204.63,5474.0,4,15
2021-10-31,Outros,False,47358941.41,1500.0,41,79
2021-10-31,Outros,True,9442.87,0.0,1,1
2021-11-30,Arrendamento,False,471051723.34999996,911.0,75,111
2021-11-30,Arrendamento,True,372241.18999999994,0.0,3,3
2021-11-30,Banco,False,111938266795.2,1447455.0,830,3437
2021-11-30,Banco,True,1718449165.32,28916.0,157,479
2021-11-30,Cooperativa,False,13766874021.64,444039.0,465,1847
2021-11-30,Cooperativa,True,1862047230.32,179684.0,106,353
2021-11-30,Desenvolvimento/Fomento,False,12029519338.72,19493.0,171,626
2021-11-30,Desenvolvimento/Fomento,True,310226115.25,181.0,17,25
2021-11-30,Financeira,False,743168379.62,12371.0,188,343
2021-11-30,Financeira,True,6168190.78,23.0,22,23
2021-11-30,Fintech,False,27467485.4,639.0,51,67
2021-11-30,Fintech,True,263577.75,0.0,2,2
2021-11-30,Instituição de pagamento,False,4528992.75,15005.0,25,58
2021-11-30,Instituição de pagamento,True,631.41,0.0,1,1
2021-11-30,Outros,False,50582554.45,1524.0,41,82
2021-11-30,Outros,True,9442.87,0.0,1,1
2021-12-31,Arrendamento,False,468461582.65,888.0,72,108
2021-12-31,Arrendamento,True,362113.16000000003,0.0,3,3
2021-12-31,Banco,False,115658522408.3,1454089.0,834,3463
2021-12-31,Banco,True,1718206274.77,34245.0,159,456
2021-12-31,Cooperativa,False,14237911127.95,460250.0,456,1863
2021-12-31,Cooperativa,True,1958737285.49,187168.0,114,379
2021-12-31,Desenvolvimento/Fomento,False,11954014460.63,19919.0,171,611
2021-12-31,Desenvolvimento/Fomento,True,296259010.68,190.0,16,24
2021-12-31,Financeira,False,755815916.5699999,12563.0,202,359
2021-12-31,Financeira,True,16559348.559999999,24.0,26,28
2021-12-31,Fintech,False,30016033.12,738.0,78,101
2021-12-31,Fintech,True,142814.6,0.0,2,2
2021-12-31,Instituição de pagamento,False,5740530.15,19155.0,20,58
2021-12-31,Instituição de pagamento,True,9223.81,0.0,1,1
2021-12-31,Outros,False,53627216.519999996,1525.0,44,85
2021-12-31,Outros,True,9442.87,0.0,1,1
2022-01-31,Arrendamento,False,504161564.71,890.0,70,105
2022-01-31,Arrendamento,True,351908.97,0.0,3,3
2022-01-31,Banco,False,113979682709.14,1437025.0,835,3484
2022-01-31,Banco,True,1661714471.21,29200.0,161,437
2022-01-31,Cooperativa,False,16216228166.92,632646.0,463,1940
2022-01-31,Cooperativa,True,157685671.85,12062.0,125,261
2022-01-31,Desenvolvimento/Fomento,False,11753192225.56,20220.0,161,619
2022-01-31,Desenvolvimento/Fomento,True,291770476.58,188.0,17,25
2022-01-31,Financeira,False,725682975.24,12152.0,196,368
2022-01-31,Financeira,True,8175291.89,41.0,23,25
2022-01-31,Fintech,False,32315729.02,1048.0,79,117
2022-01-31,Fintech,True,161263.32,8.0,6,7
2022-01-31,Instituição de pagamento,False,6600090.09,20725.0,19,60
2022-01-31,Instituição de pagamento,True,3368.47,0.0,1,1
2022-01-31,Outros,False,53465626.78,1518.0,45,86
2022-01-31,Outros,True,19429.13,0.0,2,2
2022-02-28,Arrendamento,False,520928310.66,900.0,69,104
2022-02-28,Arrendamento,True,341483.54,0.0,3,3
2022-02-28,Banco,False,115245993719.2,1477094.0,821,3476
2022-02-28,Banco,True,1672965386.71,28519.0,167,449
2022-02-28,Cooperativa,False,16549887597.98,655624.0,448,1952
2022-02-28,Cooperativa,True,138504617.03,11406.0,135,254
2022-02-28,Desenvolvimento/Fomento,False,11811116705.81,20592.0,162,631
2022-02-28,Desenvolvimento/Fomento,True,287659975.98,187.0,18,26
2022-02-28,Financeira,False,728567271.15,12683.0,197,384
2022-02-28,Financeira,True,8700915.56,64.0,26,30
2022-02-28,Fintech,False,34185793.34,1231.0,88,129
2022-02-28,Fintech,True,3616.72,0.0,3,3
2022-02-28,Instituição de pagamento,False,10585855.51,11411.0,28,104
2022-02-28,Instituição de pagamento,True,6311711.7,658.0,12,28
2022-02-28,Outros,False,52572688.72,1518.0,45,86
2022-02-28,Outros,True,9416.92,0.0,1,1
2022-03-31,Arrendamento,False,543620335.42,870.0,73,105
2022-03-31,Arrendamento,True,331123.71,0.0,3,3
2022-03-31,Banco,False,117521106141.42,1469492.0,809,3473
2022-03-31,Banco,True,1800566098.3400002,45561.0,168,465
2022-03-31,Cooperativa,False,16966660540.04,664300.0,482,1990
2022-03-31,Cooperativa,True,125474371.25,11103.0,145,250
2022-03-31,Desenvolvimento/Fomento,False,11829432205.23,21081.0,150,603
2022-03-31,Desenvolvimento/Fomento,True,286271200.06,195.0,18,26
2022-03-31,Financeira,False,730257256.17,12740.0,197,390
2022-03-31,Financeira,True,11526206.860000001,21.0,24,25
2022-03-31,Fintech,False,47251309.81,1597.0,95,142
2022-03-31,Fintech,True,5106.93,0.0,3,3
2022-03-31,Instituição de pagamento,False,12041200.3,13494.0,25,104
2022-03-31,Instituição de pagamento,True,6084065.609999999,634.0,10,27
2022-03-31,Outros,False,50664419.6,1523.0,45,87
2022-03-31,Outros,True,9419.43,0.0,1,1
2022-04-30,Arrendamento,False,546002901.45,844.0,70,102
2022-04-30,Arrendamento,True,320636.74,0.0,3,3
2022-04-30,Banco,False,119286414816.7,1479892.0,805,3493
2022-04-30,Banco,True,1772979758.9399998,46286.0,156,463
2022-04-30,Cooperativa,False,17193488935.04,676023.0,487,1999
2022-04-30,Cooperativa,True,125313400.71,10883.0,138,240
2022-04-30,Desenvolvimento/Fomento,False,11927163254.81,21567.0,154,609
2022-04-30,Desenvolvimento/Fomento,True,281668662.34000003,192.0,18,26
2022-04-30,Financeira,False,749563765.38,13002.0,206,403
2022-04-30,Financeira,True,22706989.88,21.0,23,24
2022-04-30,Fintech,False,57546300.519999996,1802.0,91,142
2022-04-30,Fintech,True,8686.32,0.0,3,3
2022-04-30,Instituição de pagamento,False,12904203.13,14996.0,20,68
2022-04-30,Instituição de pagamento,True,6404056.250000001,628.0,11,23
2022-04-30,Outros,False,48264855.730000004,1528.0,47,90
2022-04-30,Outros,True,342317.47000000003,0.0,2,2
2022-05-31,Arrendamento,False,572971427.79,859.0,71,103
2022-05-31,Arrendamento,True,310119.73,0.0,3,3
2022-05-31,Banco,False,120464223357.09,1497533.0,827,3483
2022-05-31,Banco,True,1877283148.42,50109.0,163,467
2022-05-31,Cooperativa,False,17321503233.28,688338.0,471,2004
2022-05-31,Cooperativa,True,130974570.92999999,11645.0,143,256
2022-05-31,Desenvolvimento/Fomento,False,11952037936.86,22182.0,148,631
2022-05-31,Desenvolvimento/Fomento,True,280936182.58,198.0,20,28
2022-05-31,Financeira,False,744833501.12,12875.0,219,409
2022-05-31,Financeira,True,22024907.79,17.0,20,21
2022-05-31,Fintech,False,73032689.46,2099.0,100,150
2022-05-31,Fintech,True,202044.91999999998,0.0,5,5
2022-05-31,Instituição de pagamento,False,14446487.45,17336.0,18,67
2022-05-31,Instituição de pagamento,True,5704342.529999999,572.0,11,24
2022-05-31,Outros,False,48100051.69,1508.0,45,88
2022-05-31,Outros,True,81825.98999999999,0.0,2,2
2022-06-30,Arrendamento,False,569823582.22,848.0,71,103
2022-06-30,Arrendamento,True,2719052.6199999996,0.0,4,4
2022-06-30,Banco,False,122843760747.6,1502917.0,827,3467
2022-06-30,Banco,True,1848878579.2,57119.0,153,462
2022-06-30,Cooperativa,False,17622537546.25,704225.0,474,2000
2022-06-30,Cooperativa,True,110898657.14,10928.0,143,256
2022-06-30,Desenvolvimento/Fomento,False,12199130591.93,22456.0,146,631
2022-06-30,Desenvolvimento/Fomento,True,296324187.76,213.0,18,26
2022-06-30,Financeira,False,773906473.82,13190.0,213,414
2022-06-30,Financeira,True,20932714.919999998,22.0,23,24
2022-06-30,Fintech,False,79395441.79,2273.0,88,141
2022-06-30,Fintech,True,94761.25,0.0,5,5
2022-06-30,Instituição de pagamento,False,15034876.77,18661.0,17,67
2022-06-30,Instituição de pagamento,True,5918194.4399999995,583.0,12,24
2022-06-30,Outros,False,42665413.769999996,1374.0,46,87
2022-06-30,Outros,True,74973.39,0.0,2,2
2022-07-31,Arrendamento,False,568832386.74,849.0,68,102
2022-07-31,Arrendamento,True,2661199.25,0.0,4,4
2022-07-31,Banco,False,124202726436.67,1510388.0,824,3462
2022-07-31,Banco,True,1304932760.62,55386.0,147,459
2022-07-31,Cooperativa,False,17766775101.83,713831.0,473,2004
2022-07-31,Cooperativa,True,111026540.24,10528.0,147,259
2022-07-31,Desenvolvimento/Fomento,False,11912215316.32,22903.0,151,634
2022-07-31,Desenvolvimento/Fomento,True,296410468.48,225.0,19,27
2022-07-31,Financeira,False,800324388.64,13330.0,219,418
2022-07-31,Financeira,True,19823084.8,88.0,23,27
2022-07-31,Fintech,False,86133366.73,4411.0,103,175
2022-07-31,Fintech,True,93385.01,0.0,6,6
2022-07-31,Instituição de pagamento,False,16027913.31,20391.0,20,69
2022-07-31,Instituição de pagamento,True,6165997.369999999,617.0,12,24
2022-07-31,Outros,False,40934379.37,1344.0,48,89
2022-07-31,Outros,True,498.12,0.0,1,1
2022-08-31,Arrendamento,False,585970507.28,837.0,66,100
2022-08-31,Arrendamento,True,2577088.9600000004,0.0,3,3
2022-08-31,Banco,False,124863109603.52,1497612.0,825,3477
2022-08-31,Banco,True,1410913483.51,49349.0,150,481
2022-08-31,Cooperativa,False,18428985839.14,712549.0,476,1997
2022-08-31,Cooperativa,True,112469236.66,10304.0,146,262
2022-08-31,Desenvolvimento/Fomento,False,12166890897.11,23481.0,158,640
2022-08-31,Desenvolvimento/Fomento,True,301654882.45000005,237.0,19,27
2022-08-31,Financeira,False,826540752.51,13649.0,203,412
2022-08-31,Financeira,True,3029595.14,26.0,32,34
2022-08-31,Fintech,False,86186094.35,4774.0,103,180
2022-08-31,Fintech,True,77327.26000000001,0.0,5,5
2022-08-31,Instituição de pagamento,False,22914175.64,22800.0,22,68
2022-08-31,Instituição de pagamento,True,501456.25,184.0,9,17
2022-08-31,Outros,False,38991069.27,1323.0,46,88
2022-09-30,Arrendamento,False,592317571.3100001,806.0,66,99
2022-09-30,Arrendamento,True,2565471.26,0.0,3,3
2022-09-30,Banco,False,126709244733.68,1510093.0,828,3465
2022-09-30,Banco,True,1785271679.3700001,56273.0,155,496
2022-09-30,Cooperativa,False,18774408139.78,718216.0,465,2020
2022-09-30,Cooperativa,True,112821243.62,10111.0,153,260
2022-09-30,Desenvolvimento/Fomento,False,12367596162.1,23927.0,155,640
2022-09-30,Desenvolvimento/Fomento,True,303697596.47,230.0,20,28
2022-09-30,Financeira,False,813207662.05,13771.0,214,424
2022-09-30,Financeira,True,2513832.76,26.0,28,30
2022-09-30,Fintech,False,88124931.18,5061.0,98,175
2022-09-30,Fintech,True,277081.24,0.0,8,8
2022-09-30,Instituição de pagamento,False,24435835.15,24819.0,25,72
2022-09-30,Instituição de pagamento,True,768996.47,248.0,9,18
2022-09-30,Outros,False,36107945.82,1302.0,46,89
2022-10-31,Arrendamento,False,580202577.36,800.0,63,97
2022-10-31,Arrendamento,True,9266338.56,0.0,7,7
2022-10-31,Banco,False,126425988694.54,1503269.0,819,3448
2022-10-31,Banco,True,2119511984.78,60963.0,139,498
2022-10-31,Cooperativa,False,19017912335.61,713812.0,475,2016
2022-10-31,Cooperativa,True,113410294.21,10418.0,147,265
2022-10-31,Desenvolvimento/Fomento,False,12416170587.16,24185.0,162,596
2022-10-31,Desenvolvimento/Fomento,True,299911108.24,229.0,21,29
2022-10-31,Financeira,False,806427140.45,13537.0,218,425
2022-10-31,Financeira,True,43659957.98,144.0,36,42
2022-10-31,Fintech,False,94709639.77,5354.0,105,183
2022-10-31,Fintech,True,378620.06,9.0,8,9
2022-10-31,Instituição de pagamento,False,34973802.53,27856.0,37,90
2022-10-31,Instituição de pagamento,True,5145018.23,581.0,13,24
2022-10-31,Outros,False,33802261.6,1210.0,42,84
2022-11-30,Arrendamento,False,591318519.51,783.0,65,100
2022-11-30,Arrendamento,True,8678883.27,0.0,7,7
2022-11-30,Banco,False,127962140971.88,1492502.0,830,3469
2022-11-30,Banco,True,1689072001.54,49965.0,141,483
2022-11-30,Cooperativa,False,19201629211.79,706673.0,475,2028
2022-11-30,Cooperativa,True,151183411.26,10609.0,154,269
2022-11-30,Desenvolvimento/Fomento,False,12553767138.83,24402.0,159,595
2022-11-30,Desenvolvimento/Fomento,True,300485387.09999996,226.0,22,30
2022-11-30,Financeira,False,1013193254.31,16350.0,217,430
2022-11-30,Financeira,True,50137360.25,204.0,34,42
2022-11-30,Fintech,False,97678634.58,5722.0,104,185
2022-11-30,Fintech,True,651881.93,73.0,8,10
2022-11-30,Instituição de pagamento,False,39487548.68,30950.0,51,111
2022-11-30,Instituição de pagamento,True,11896621.18,786.0,11,24
2022-11-30,Outros,False,33064108.47,1126.0,43,86
2022-12-31,Arrendamento,False,592891424.79,753.0,66,100
2022-12-31,Arrendamento,True,8091041.55,0.0,6,6
2022-12-31,Banco,False,129699546405.47,1469979.0,844,3471
2022-12-31,Banco,True,1939716903.72,53207.0,148,496
2022-12-31,Cooperativa,False,19414754005.22,699284.0,474,2033
2022-12-31,Cooperativa,True,145766433.87,11046.0,154,294
2022-12-31,Desenvolvimento/Fomento,False,12710403776.99,24728.0,157,595
2022-12-31,Desenvolvimento/Fomento,True,296686477.22,224.0,21,29
2022-12-31,Financeira,False,1038821236.4799999,16489.0,218,429
2022-12-31,Financeira,True,54478570.690000005,188.0,36,43
2022-12-31,Fintech,False,100094916.7,5976.0,108,185
2022-12-31,Fintech,True,2056689.57,104.0,8,10
2022-12-31,Instituição de pagamento,False,41994280.589999996,33704.0,47,115
2022-12-31,Instituição de pagamento,True,12787696.3,922.0,11,24
2022-12-31,Outros,False,32727299.89,1027.0,43,86
2023-01-31,Arrendamento,False,592043218.71,700.0,67,99
2023-01-31,Arrendamento,True,7617051.87,0.0,6,6
2023-01-31,Banco,False,126380872425.8,1426558.0,839,3449
2023-01-31,Banco,True,1599506239.1200001,45495.0,160,483
2023-01-31,Cooperativa,False,19628519639.45,703317.0,461,2027
2023-01-31,Cooperativa,True,160051937.12,10981.0,164,294
2023-01-31,Desenvolvimento/Fomento,False,11934987854.73,24650.0,162,596
2023-01-31,Desenvolvimento/Fomento,True,291533758.83,219.0,21,29
2023-01-31,Financeira,False,1014304532.25,16642.0,208,416
2023-01-31,Financeira,True,46616054.97,142.0,38,44
2023-01-31,Fintech,False,108118963.03,6359.0,107,187
2023-01-31,Fintech,True,2008918.1300000001,161.0,7,9
2023-01-31,Instituição de pagamento,False,43994440.59,35350.0,43,118
2023-01-31,Instituição de pagamento,True,14795510.27,944.0,11,24
2023-01-31,Outros,False,31221019.89,998.0,46,88
2023-01-31,Outros,True,274.01,0.0,1,1
2023-02-28,Arrendamento,False,603006107.35,679.0,65,96
2023-02-28,Arrendamento,True,4816196.8100000005,0.0,5,5
2023-02-28,Banco,False,125906330823.58,1416458.0,834,3438
2023-02-28,Banco,True,1648074553.5,44529.0,152,479
2023-02-28,Cooperativa,False,19864739557.43,713462.0,461,2033
2023-02-28,Cooperativa,True,151512609.8,10972.0,152,292
2023-02-28,Desenvolvimento/Fomento,False,12032298877.77,24947.0,176,604
2023-02-28,Desenvolvimento/Fomento,True,287825478.59000003,215.0,19,27
2023-02-28,Financeira,False,1045359809.88,16970.0,223,431
2023-02-28,Financeira,True,46560481.7,163.0,36,43
2023-02-28,Fintech,False,111257070.87,6406.0,105,186
2023-02-28,Fintech,True,4062610.37,184.0,10,12
2023-02-28,Instituição de pagamento,False,44420255.23,36451.0,42,121
2023-02-28,Instituição de pagamento,True,17239238.720000003,931.0,11,24
2023-02-28,Outros,False,32149610.0,1042.0,50,92
2023-02-28,Outros,True,7435.5,11.0,2,3
2023-03-31,Arrendamento,False,606142800.61,702.0,64,97
2023-03-31,Arrendamento,True,4359485.09,0.0,5,5
2023-03-31,Banco,False,128407419735.81,1413898.0,835,3436
2023-03-31,Banco,True,1772604260.48,44900.0,154,470
2023-03-31,Cooperativa,False,20134859168.14,718958.0,471,2041
2023-03-31,Cooperativa,True,143566179.56,10664.0,145,282
2023-03-31,Desenvolvimento/Fomento,False,12454592486.55,25532.0,176,606
2023-03-31,Desenvolvimento/Fomento,True,286645728.05,216.0,18,26
2023-03-31,Financeira,False,1071760377.89,17380.0,204,418
2023-03-31,Financeira,True,40996751.14,268.0,35,45
2023-03-31,Fintech,False,112496141.49,6073.0,113,191
2023-03-31,Fintech,True,5805604.82,486.0,37,55
2023-03-31,Instituição de pagamento,False,48196402.46,39278.0,34,119
2023-03-31,Instituição de pagamento,True,6638866.98,1016.0,11,24
2023-03-31,Outros,False,29847539.39,1026.0,49,88
2023-03-31,Outros,True,10540.130000000001,18.0,2,3
2023-04-30,Arrendamento,False,598029109.34,675.0,65,96
2023-04-30,Arrendamento,True,11432004.02,0.0,6,6
2023-04-30,Banco,False,126327414827.5,1400065.0,829,3440
2023-04-30,Banco,True,2070930987.6299999,48181.0,165,481
2023-04-30,Cooperativa,False,20435092222.59,727667.0,462,2039
2023-04-30,Cooperativa,True,193067679.29,10615.0,152,280
2023-04-30,Desenvolvimento/Fomento,False,12416227240.9,25886.0,179,606
2023-04-30,Desenvolvimento/Fomento,True,324740379.7,218.0,18,26
2023-04-30,Financeira,False,1072283087.99,17921.0,215,428
2023-04-30,Financeira,True,40511446.589999996,511.0,36,48
2023-04-30,Fintech,False,113703209.3,5737.0,113,190
2023-04-30,Fintech,True,5950552.64,452.0,44,57
2023-04-30,Instituição de pagamento,False,49953121.68,40255.0,36,123
2023-04-30,Instituição de pagamento,True,5792691.98,1035.0,11,24
2023-04-30,Outros,False,28870410.87,1006.0,48,87
2023-04-30,Outros,True,12326.439999999999,19.0,5,6
2023-05-31,Arrendamento,False,628970174.64,681.0,65,95
2023-05-31,Arrendamento,True,7704107.38,0.0,3,3
2023-05-31,Banco,False,127059770532.03,1375474.0,828,3404
2023-05-31,Banco,True,1877328834.4099998,43874.0,159,473
2023-05-31,Cooperativa,False,20615389997.77,730947.0,497,2068
2023-05-31,Cooperativa,True,195076030.51,10605.0,147,276
2023-05-31,Desenvolvimento/Fomento,False,12553324658.880001,26438.0,170,607
2023-05-31,Desenvolvimento/Fomento,True,323938248.31,218.0,18,26
2023-05-31,Financeira,False,1073599117.48,19663.0,224,438
2023-05-31,Financeira,True,39889370.76,467.0,41,54
2023-05-31,Fintech,False,114008726.56,6048.0,112,192
2023-05-31,Fintech,True,6342303.34,492.0,39,56
2023-05-31,Instituição de pagamento,False,53271309.36,42196.0,37,124
2023-05-31,Instituição de pagamento,True,6717844.89,1068.0,9,22
2023-05-31,Outros,False,29371512.060000002,899.0,49,88
2023-05-31,Outros,True,17065.17,29.0,3,4
2023-06-30,Arrendamento,False,648997555.08,661.0,64,93
2023-06-30,Arrendamento,True,10545358.57,0.0,6,6
2023-06-30,Banco,False,125746533842.93001,1357467.0,815,3379
2023-06-30,Banco,True,2518153529.58,52452.0,156,469
2023-06-30,Cooperativa,False,20750327784.46,737334.0,488,2101
2023-06-30,Cooperativa,True,180831755.75,10520.0,154,278
2023-06-30,Desenvolvimento/Fomento,False,12599418669.08,26647.0,172,611
2023-06-30,Desenvolvimento/Fomento,True,324052606.46,222.0,22,30
2023-06-30,Financeira,False,1066889091.5,21300.0,219,444
2023-06-30,Financeira,True,35585840.089999996,623.0,38,51
2023-06-30,Fintech,False,112624327.61999999,5988.0,110,192
2023-06-30,Fintech,True,7684099.58,494.0,44,59
2023-06-30,Instituição de pagamento,False,58964906.97,44399.0,35,126
2023-06-30,Instituição de pagamento,True,6996682.73,1146.0,9,22
2023-06-30,Outros,False,23729902.4,871.0,48,85
2023-06-30,Outros,True,13565.23,18.0,4,5
2023-07-31,Arrendamento,False,667079575.34,663.0,65,95
2023-07-31,Arrendamento,True,10063722.79,0.0,6,6
2023-07-31,Banco,False,124457757266.67,1332693.0,813,3384
2023-07-31,Banco,True,2489518430.25,54169.0,163,488
2023-07-31,Cooperativa,False,21266179653.45,729095.0,467,2084
2023-07-31,Cooperativa,True,143165970.93,10101.0,148,271
2023-07-31,Desenvolvimento/Fomento,False,12514128157.61,27112.0,170,608
2023-07-31,Desenvolvimento/Fomento,True,292783425.96999997,216.0,23,31
2023-07-31,Financeira,False,1082234896.04,21953.0,215,445
2023-07-31,Financeira,True,33978618.99,1337.0,53,83
2023-07-31,Fintech,False,112195733.81,5838.0,111,192
2023-07-31,Fintech,True,7402898.36,490.0,42,59
2023-07-31,Instituição de pagamento,False,33917184.0,7315.0,46,90
2023-07-31,Instituição de pagamento,True,43038238.3,40464.0,16,63
2023-07-31,Outros,False,22929933.28,840.0,52,84
2023-07-31,Outros,True,12490.72,18.0,5,6
2023-08-31,Arrendamento,False,669271096.85,664.0,65,95
2023-08-31,Arrendamento,True,9542315.43,0.0,6,6
2023-08-31,Banco,False,125938695607.68001,1304476.0,790,3354
2023-08-31,Banco,True,2458688891.2799997,59653.0,135,504
2023-08-31,Cooperativa,False,21565758996.02,723516.0,479,2119
2023-08-31,Cooperativa,True,150933564.64,10085.0,134,263
2023-08-31,Desenvolvimento/Fomento,False,12623140104.54,27757.0,163,606
2023-08-31,Desenvolvimento/Fomento,True,270331702.48,216.0,22,30
2023-08-31,Financeira,False,1107716827.25,24353.0,214,450
2023-08-31,Financeira,True,31910744.34,934.0,50,66
2023-08-31,Fintech,False,105535327.49,5604.0,112,192
2023-08-31,Fintech,True,5891783.5,476.0,39,57
2023-08-31,Instituição de pagamento,False,40364701.97,7986.0,46,93
2023-08-31,Instituição de pagamento,True,44578776.49,41245.0,15,61
2023-08-31,Outros,False,21967426.44,812.0,49,81
2023-08-31,Outros,True,15473.68,31.0,5,6
2023-09-30,Arrendamento,False,691799978.99,674.0,64,95
2023-09-30,Arrendamento,True,9039071.23,0.0,6,6
2023-09-30,Banco,False,124480548180.48,1295062.0,810,3355
2023-09-30,Banco,True,2818327175.28,60758.0,144,492
2023-09-30,Cooperativa,False,21877446206.41,729905.0,459,2114
2023-09-30,Cooperativa,True,155214365.9,10174.0,138,270
2023-09-30,Desenvolvimento/Fomento,False,13111680140.45,28146.0,169,601
2023-09-30,Desenvolvimento/Fomento,True,268728366.36,218.0,22,30
2023-09-30,Financeira,False,1123652678.74,27175.0,214,458
2023-09-30,Financeira,True,33527947.85,784.0,50,66
2023-09-30,Fintech,False,102639582.14,5784.0,115,197
2023-09-30,Fintech,True,9871370.670000002,478.0,46,64
2023-09-30,Instituição de pagamento,False,41751978.85,8406.0,38,86
2023-09-30,Instituição de pagamento,True,46025463.68,40696.0,15,63
2023-09-30,Outros,False,22035589.7,667.0,52,81
2023-09-30,Outros,True,16272.34,30.0,5,6
2023-10-31,Arrendamento,False,705409494.79,636.0,65,94
2023-10-31,Arrendamento,True,8970448.27,0.0,5,5
2023-10-31,Banco,False,123935392625.98,1282400.0,794,3346
2023-10-31,Banco,True,2957226885.89,57871.0,141,486
2023-10-31,Cooperativa,False,22426179797.5,727751.0,451,2133
2023-10-31,Cooperativa,True,164374555.77,9999.0,136,270
2023-10-31,Desenvolvimento/Fomento,False,13203792111.56,28564.0,165,596
2023-10-31,Desenvolvimento/Fomento,True,270975756.8,215.0,22,30
2023-10-31,Financeira,False,1144242693.04,30014.0,224,467
2023-10-31,Financeira,True,36334458.78,654.0,55,72
2023-10-31,Fintech,False,102321010.21000001,5504.0,118,196
2023-10-31,Fintech,True,9985339.82,472.0,47,66
2023-10-31,Instituição de pagamento,False,72842522.18,25257.0,33,99
2023-10-31,Instituição de pagamento,True,22241218.47,26024.0,15,62
2023-10-31,Outros,False,21011854.490000002,473.0,60,84
2023-10-31,Outros,True,13733.449999999999,26.0,4,5
2023-11-30,Arrendamento,False,829696576.87,625.0,68,95
2023-11-30,Arrendamento,True,8903221.68,0.0,5,5
2023-11-30,Banco,False,123231543019.44,1288806.0,797,3327
2023-11-30,Banco,True,2511100924.94,55453.0,142,475
2023-11-30,Cooperativa,False,22788174235.95,727089.0,448,2131
2023-11-30,Cooperativa,True,293908645.96999997,16711.0,155,385
2023-11-30,Desenvolvimento/Fomento,False,13267686661.95,28833.0,158,593
2023-11-30,Desenvolvimento/Fomento,True,274469642.72,209.0,20,28
2023-11-30,Financeira,False,1156379766.98,31106.0,224,474
2023-11-30,Financeira,True,49636350.3,870.0,60,77
2023-11-30,Fintech,False,103339079.58,5478.0,114,195
2023-11-30,Fintech,True,8958368.64,535.0,44,67
2023-11-30,Instituição de pagamento,False,77117697.55,27938.0,29,97
2023-11-30,Instituição de pagamento,True,20939516.17,25338.0,15,63
2023-11-30,Outros,False,19707934.740000002,316.0,51,75
2023-11-30,Outros,True,15164.11,45.0,2,4
2023-12-31,Arrendamento,False,824889815.2,626.0,65,93
2023-12-31,Arrendamento,True,8837201.25,0.0,5,5
2023-12-31,Banco,False,126300399790.36,1279974.0,816,3343
2023-12-31,Banco,True,2768235548.42,58174.0,168,471
2023-12-31,Cooperativa,False,23333940331.73,720326.0,443,2143
2023-12-31,Cooperativa,True,307796196.6,17331.0,151,381
2023-12-31,Desenvolvimento/Fomento,False,13371762822.48,29079.0,163,599
2023-12-31,Desenvolvimento/Fomento,True,277340663.63,204.0,22,30
2023-12-31,Financeira,False,1251687212.17,32738.0,240,513
2023-12-31,Financeira,True,50438419.78,942.0,60,79
2023-12-31,Fintech,False,103683012.57000001,5332.0,116,195
2023-12-31,Fintech,True,11099197.27,564.0,44,66
2023-12-31,Instituição de pagamento,False,43698800.050000004,6404.0,44,89
2023-12-31,Instituição de pagamento,True,58741359.56,49807.0,15,64
2023-12-31,Outros,False,20099870.35,271.0,52,74
2023-12-31,Outros,True,14551.81,45.0,2,4
2024-01-31,Arrendamento,False,773471374.89,617.0,65,92
2024-01-31,Arrendamento,True,8875094.85,0.0,7,7
2024-01-31,Banco,False,124424485163.0,1246843.0,799,3329
2024-01-31,Banco,True,2761250643.8,46516.0,163,476
2024-01-31,Cooperativa,False,23463957559.44,720680.0,455,2108
2024-01-31,Cooperativa,True,354623137.9,17853.0,144,365
2024-01-31,Desenvolvimento/Fomento,False,13238610686.57,29230.0,159,597
2024-01-31,Desenvolvimento/Fomento,True,272767039.06,208.0,20,30
2024-01-31,Financeira,False,1277859214.39,41829.0,225,533
2024-01-31,Financeira,True,44662320.769999996,974.0,63,83
2024-01-31,Fintech,False,99891672.38000001,5133.0,106,185
2024-01-31,Fintech,True,21451853.3,593.0,41,65
2024-01-31,Instituição de pagamento,False,88266575.76,32764.0,70,139
2024-01-31,Instituição de pagamento,True,20243810.349999998,27034.0,15,62
2024-01-31,Outros,False,19198340.97,253.0,50,70
2024-01-31,Outros,True,13374.49,23.0,3,4
2024-02-29,Arrendamento,False,817774580.8000001,626.0,65,93
2024-02-29,Arrendamento,True,1328372.0,0.0,6,6
2024-02-29,Banco,False,123986964315.87,1238345.0,806,3371
2024-02-29,Banco,True,2757904569.84,44791.0,153,441
2024-02-29,Cooperativa,False,23817783465.71,735238.0,477,2138
2024-02-29,Cooperativa,True,353683444.97,17763.0,141,373
2024-02-29,Desenvolvimento/Fomento,False,13203854974.94,29446.0,157,595
2024-02-29,Desenvolvimento/Fomento,True,275578862.66,204.0,22,31
2024-02-29,Financeira,False,1301609137.91,45250.0,193,542
2024-02-29,Financeira,True,46174358.3,1306.0,63,87
2024-02-29,Fintech,False,93780457.92,5052.0,99,184
2024-02-29,Fintech,True,30240684.2,601.0,36,64
2024-02-29,Instituição de pagamento,False,101514126.83,35169.0,70,144
2024-02-29,Instituição de pagamento,True,18522871.45,26290.0,13,61
2024-02-29,Outros,False,19516188.73,239.0,51,71
2024-02-29,Outros,True,16172.26,47.0,2,4
2024-03-31,Arrendamento,False,819081053.99,633.0,64,92
2024-03-31,Arrendamento,True,1267694.51,0.0,5,5
2024-03-31,Banco,False,127024984491.54,1274685.0,812,3375
2024-03-31,Banco,True,2820384046.36,50219.0,155,461
2024-03-31,Cooperativa,False,24151500003.51,749771.0,479,2146
2024-03-31,Cooperativa,True,361170487.09,17949.0,138,365
2024-03-31,Desenvolvimento/Fomento,False,13534013972.36,29944.0,160,598
2024-03-31,Desenvolvimento/Fomento,True,278795769.15,201.0,23,32
2024-03-31,Financeira,False,1332125474.24,49167.0,193,555
2024-03-31,Financeira,True,47569181.87,1540.0,61,89
2024-03-31,Fintech,False,100144880.94,5068.0,107,191
2024-03-31,Fintech,True,30210596.38,613.0,38,65
2024-03-31,Instituição de pagamento,False,113360431.05,38002.0,69,141
2024-03-31,Instituição de pagamento,True,18840220.130000003,25857.0,11,60
2024-03-31,Outros,False,19146402.85,227.0,49,69
2024-03-31,Outros,True,19219.239999999998,52.0,2,4
2024-04-30,Arrendamento,False,823209480.4,629.0,68,96
2024-04-30,Arrendamento,True,1201792.51,0.0,4,4
2024-04-30,Banco,False,127673369824.39,1275035.0,821,3381
2024-04-30,Banco,True,2764883621.4700003,48044.0,176,495
2024-04-30,Cooperativa,False,24384299552.34,759411.0,471,2127
2024-04-30,Cooperativa,True,366336872.61,17534.0,136,363
2024-04-30,Desenvolvimento/Fomento,False,13864866349.14,30562.0,158,598
2024-04-30,Desenvolvimento/Fomento,True,280980839.61,202.0,25,34
2024-04-30,Financeira,False,1360813968.04,49683.0,201,558
2024-04-30,Financeira,True,49856462.690000005,5928.0,51,111
2024-04-30,Fintech,False,95641949.05,4879.0,94,176
2024-04-30,Fintech,True,32085485.039999995,667.0,38,66
2024-04-30,Instituição de pagamento,False,132266904.58,39471.0,63,137
2024-04-30,Instituição de pagamento,True,19376481.669999998,25777.0,13,60
2024-04-30,Outros,False,17345052.990000002,211.0,45,65
2024-04-30,Outros,True,17808.35,49.0,2,4
2024-05-31,Arrendamento,False,818010295.03,640.0,70,98
2024-05-31,Arrendamento,True,6516541.38,0.0,4,4
2024-05-31,Banco,False,128345588600.57,1278831.0,823,3373
2024-05-31,Banco,True,2479843739.36,46916.0,152,459
2024-05-31,Cooperativa,False,24899975238.33,756617.0,470,2181
2024-05-31,Cooperativa,True,354588056.43,17366.0,135,366
2024-05-31,Desenvolvimento/Fomento,False,14101842654.03,30830.0,161,600
2024-05-31,Desenvolvimento/Fomento,True,291808392.21,187.0,25,34
2024-05-31,Financeira,False,1392717395.96,58020.0,185,546
2024-05-31,Financeira,True,48585220.46,5877.0,54,114
2024-05-31,Fintech,False,91874920.66,4778.0,96,180
2024-05-31,Fintech,True,21219293.39,846.0,38,67
2024-05-31,Instituição de pagamento,False,176655789.79,42012.0,59,135
2024-05-31,Instituição de pagamento,True,23619632.66,25667.0,15,61
2024-05-31,Outros,False,17849012.33,185.0,50,63
2024-05-31,Outros,True,16772.739999999998,48.0,2,4
2024-06-30,Arrendamento,False,864465098.73,669.0,68,98
2024-06-30,Arrendamento,True,22951824.44,0.0,5,5
2024-06-30,Banco,False,133335489637.84,1286787.0,837,3420
2024-06-30,Banco,True,2603510979.37,49203.0,157,466
2024-06-30,Cooperativa,False,25522863816.0,761439.0,460,2169
2024-06-30,Cooperativa,True,356769433.21,17612.0,134,364
2024-06-30,Desenvolvimento/Fomento,False,14368960190.65,31085.0,153,594
2024-06-30,Desenvolvimento/Fomento,True,298978157.29,182.0,23,32
2024-06-30,Financeira,False,1443359389.65,68377.0,187,574
2024-06-30,Financeira,True,55151613.199999996,7893.0,60,133
2024-06-30,Fintech,False,85399547.74,336.0,70,84
2024-06-30,Fintech,True,23160288.71,653.0,7,19
2024-06-30,Instituição de pagamento,False,184885592.15,44043.0,45,117
2024-06-30,Instituição de pagamento,True,32700969.060000002,23590.0,5,22
2024-06-30,Outros,False,13796198.67,184.0,46,60
2024-06-30,Outros,True,2216772.74,48.0,3,5
2024-07-31,Arrendamento,False,891650329.83,638.0,69,96
2024-07-31,Arrendamento,True,22689047.37,0.0,4,4
2024-07-31,Banco,False,133799601928.27,1283075.0,836,3415
2024-07-31,Banco,True,2625282780.95,46686.0,163,479
2024-07-31,Cooperativa,False,25879493748.37,770332.0,454,2164
2024-07-31,Cooperativa,True,347958859.86,17428.0,134,365
2024-07-31,Desenvolvimento/Fomento,False,14220084802.91,31221.0,167,598
2024-07-31,Desenvolvimento/Fomento,True,306809362.40999997,190.0,20,29
2024-07-31,Financeira,False,1504553560.99,75548.0,169,565
2024-07-31,Financeira,True,62941498.42,12198.0,52,131
2024-07-31,Fintech,False,85007265.91000001,336.0,81,97
2024-07-31,Fintech,True,41233133.9,1299.0,13,37
2024-07-31,Instituição de pagamento,False,224908292.02,48251.0,32,104
2024-07-31,Instituição de pagamento,True,20400665.97,23320.0,4,21
2024-07-31,Outros,False,17555358.1,169.0,49,62
2024-07-31,Outros,True,16484.91,47.0,2,4
2024-08-31,Arrendamento,False,903778647.4,654.0,69,96
2024-08-31,Arrendamento,True,22430190.97,0.0,4,4
2024-08-31,Banco,False,134870829566.81999,1271124.0,832,3406
2024-08-31,Banco,True,2792519455.16,48441.0,160,491
2024-08-31,Cooperativa,False,26421857162.96,776542.0,462,2168
2024-08-31,Cooperativa,True,342175240.94,17597.0,131,364
2024-08-31,Desenvolvimento/Fomento,False,14344019797.039999,31310.0,160,602
2024-08-31,Desenvolvimento/Fomento,True,319732257.96,190.0,21,30
2024-08-31,Financeira,False,1529707225.95,88958.0,169,574
2024-08-31,Financeira,True,57939253.53,8289.0,56,132
2024-08-31,Fintech,False,83798461.65,461.0,93,109
2024-08-31,Fintech,True,75549409.37,1405.0,10,34
2024-08-31,Instituição de pagamento,False,236193603.8,51302.0,38,110
2024-08-31,Instituição de pagamento,True,21123544.240000002,22148.0,3,20
2024-08-31,Outros,False,18204236.25,171.0,44,60
2024-08-31,Outros,True,21889.54,49.0,2,4
2024-09-30,Arrendamento,False,908459436.33,653.0,70,97
2024-09-30,Arrendamento,True,22137439.43,0.0,4,4
2024-09-30,Banco,False,135962567358.25,1296320.0,822,3395
2024-09-30,Banco,True,2743605703.68,50151.0,167,507
2024-09-30,Cooperativa,False,26782706018.62,781605.0,462,2230
2024-09-30,Cooperativa,True,349101142.62,17871.0,123,364
2024-09-30,Desenvolvimento/Fomento,False,14503543101.89,31139.0,162,593
2024-09-30,Desenvolvimento/Fomento,True,350469492.68,189.0,25,34
2024-09-30,Financeira,False,1577990250.66,101412.0,154,504
2024-09-30,Financeira,True,66540228.94,8143.0,49,124
2024-09-30,Fintech,False,86550701.99000001,607.0,88,109
2024-09-30,Fintech,True,48499438.760000005,1497.0,9,34
2024-09-30,Instituição de pagamento,False,256544707.14,54068.0,39,101
2024-09-30,Instituição de pagamento,True,19379118.22,21360.0,4,21
2024-09-30,Outros,False,18344309.32,157.0,43,54
2024-09-30,Outros,True,11945.86,18.0,2,3
2024-10-31,Arrendamento,False,1045142915.35,736.0,74,104
2024-10-31,Arrendamento,True,21867468.17,0.0,4,4
2024-10-31,Banco,False,137572332911.94,1290368.0,827,3381
2024-10-31,Banco,True,2762087136.2599998,46615.0,155,501
2024-10-31,Cooperativa,False,27266478139.6,785578.0,458,2196
2024-10-31,Cooperativa,True,362495727.86,18007.0,123,367
2024-10-31,Desenvolvimento/Fomento,False,14596597634.53,31033.0,159,594
2024-10-31,Desenvolvimento/Fomento,True,357036100.93,189.0,25,34
2024-10-31,Financeira,False,1613048029.82,112573.0,148,511
2024-10-31,Financeira,True,75210436.96000001,7873.0,50,123
2024-10-31,Fintech,False,84676918.1,846.0,94,113
2024-10-31,Fintech,True,41700080.61,1541.0,11,35
2024-10-31,Instituição de pagamento,False,306605788.74,57418.0,39,103
2024-10-31,Instituição de pagamento,True,20326259.42,20924.0,3,20
2024-10-31,Outros,False,18330835.19,154.0,44,56
2024-10-31,Outros,True,11945.86,18.0,2,3
2024-11-30,Arrendamento,False,1028175239.54,728.0,75,105
2024-11-30,Arrendamento,True,21567853.01,0.0,4,4
2024-11-30,Banco,False,139489325918.51,1296273.0,832,3383
2024-11-30,Banco,True,2825070775.25,47699.0,149,496
2024-11-30,Cooperativa,False,27763859514.2,787824.0,460,2201
2024-11-30,Cooperativa,True,376364758.67,17929.0,134,378
2024-11-30,Desenvolvimento/Fomento,False,14813319668.41,30910.0,159,596
2024-11-30,Desenvolvimento/Fomento,True,367942802.08000004,191.0,24,33
2024-11-30,Financeira,False,1616928047.81,119865.0,154,518
2024-11-30,Financeira,True,76698976.92,8357.0,52,124
2024-11-30,Fintech,False,83801178.21,1090.0,95,115
2024-11-30,Fintech,True,42771026.86,1580.0,11,35
2024-11-30,Instituição de pagamento,False,341986436.11,60278.0,41,104
2024-11-30,Instituição de pagamento,True,20493593.66,20457.0,3,20
2024-11-30,Outros,False,15909199.18,141.0,39,49
2024-11-30,Outros,True,13453.02,28.0,1,3
2024-12-31,Arrendamento,False,1019713098.45,715.0,74,104
2024-12-31,Arrendamento,True,21272960.03,0.0,4,4
2024-12-31,Banco,False,141429832226.91,1291429.0,842,3371
2024-12-31,Banco,True,3072357902.4,53928.0,154,511
2024-12-31,Cooperativa,False,28233684670.51,769798.0,458,2190
2024-12-31,Cooperativa,True,426270607.99,17910.0,142,385
2024-12-31,Desenvolvimento/Fomento,False,15062153686.470001,30670.0,166,597
2024-12-31,Desenvolvimento/Fomento,True,368592151.86,187.0,23,32
2024-12-31,Financeira,False,1628150382.35,123019.0,163,526
2024-12-31,Financeira,True,96368396.61,8410.0,50,124
2024-12-31,Fintech,False,88253617.98,1522.0,100,121
2024-12-31,Fintech,True,48458481.5,1621.0,15,37
2024-12-31,Instituição de pagamento,False,332559937.02,61513.0,36,100
2024-12-31,Instituição de pagamento,True,17188215.04,20656.0,3,20
2024-12-31,Outros,False,15723252.2,142.0,39,49
2024-12-31,Outros,True,12395.48,28.0,0,2
2025-01-31,Arrendamento,False,1006037743.6899999,720.0,73,105
2025-01-31,Arrendamento,True,20992575.29,0.0,4,4
2025-01-31,Banco,False,139776611040.92,1284162.0,839,3416
2025-01-31,Banco,True,3091774946.92,45247.0,154,531
2025-01-31,Cooperativa,False,27104805777.07,764323.0,457,2120
2025-01-31,Cooperativa,True,1931427894.72,33366.0,132,412
2025-01-31,Desenvolvimento/Fomento,False,14956844151.27,30681.0,179,630
2025-01-31,Desenvolvimento/Fomento,True,361794143.72,189.0,22,31
2025-01-31,Financeira,False,1680969653.76,139497.0,170,530
2025-01-31,Financeira,True,97197985.61,8329.0,52,125
2025-01-31,Fintech,False,97227492.09,2147.0,100,126
2025-01-31,Fintech,True,52616673.309999995,1702.0,26,48
2025-01-31,Instituição de pagamento,False,284718667.28,67645.0,12,67
2025-01-31,Instituição de pagamento,True,41537826.8,21462.0,0,17
2025-01-31,Outros,False,13942245.49,56.0,32,38
2025-01-31,Outros,True,11576.49,18.0,1,2
2025-02-28,Arrendamento,False,1077423658.32,724.0,73,105
2025-02-28,Arrendamento,True,20689749.82,0.0,4,4
2025-02-28,Banco,False,139776739638.34,1297336.0,841,3366
2025-02-28,Banco,True,3136348872.28,45145.0,162,520
2025-02-28,Cooperativa,False,28988700962.1,792825.0,462,2159
2025-02-28,Cooperativa,True,515861392.18,19691.0,124,354
2025-02-28,Desenvolvimento/Fomento,False,15011549466.6,30909.0,167,598
2025-02-28,Desenvolvimento/Fomento,True,355890008.37,189.0,21,30
2025-02-28,Financeira,False,1752281254.74,155626.0,167,527
2025-02-28,Financeira,True,100893262.38,8685.0,59,138
2025-02-28,Fintech,False,92127729.97999999,2808.0,109,136
2025-02-28,Fintech,True,52812951.260000005,1691.0,21,41
2025-02-28,Instituição de pagamento,False,303776558.43,73588.0,39,117
2025-02-28,Instituição de pagamento,True,70974579.38,24549.0,5,39
2025-02-28,Outros,False,13933429.78,35.0,44,47
2025-02-28,Outros,True,12642.269999999999,19.0,1,2
2025-03-31,Arrendamento,False,1080323058.55,735.0,72,107
2025-03-31,Arrendamento,True,20807269.65,0.0,4,4
2025-03-31,Banco,False,140594268592.79,1299529.0,825,3395
2025-03-31,Banco,True,2970343751.78,47499.0,168,506
2025-03-31,Cooperativa,False,29416392514.78,795762.0,476,2184
2025-03-31,Cooperativa,True,525890452.44,19271.0,121,356
2025-03-31,Desenvolvimento/Fomento,False,14957808865.210001,31025.0,168,604
2025-03-31,Desenvolvimento/Fomento,True,356865625.77,188.0,21,30
2025-03-31,Financeira,False,1779202408.03,167988.0,173,534
2025-03-31,Financeira,True,128659196.94,10273.0,58,151
2025-03-31,Fintech,False,99858919.39,3302.0,108,141
2025-03-31,Fintech,True,59872908.339999996,1718.0,24,45
2025-03-31,Instituição de pagamento,False,315966270.19,75739.0,42,120
2025-03-31,Instituição de pagamento,True,72934144.19,24078.0,6,39
2025-03-31,Outros,False,14026574.42,54.0,42,48
2025-03-31,Outros,True,11576.49,18.0,1,2
2025-04-30,Arrendamento,False,1159456754.93,737.0,69,110
2025-04-30,Arrendamento,True,20529751.04,0.0,4,4
2025-04-30,Banco,False,142880602098.56,1280187.0,826,3404
2025-04-30,Banco,True,2922323421.52,44987.0,158,505
2025-04-30,Cooperativa,False,29755418016.61,796441.0,493,2175
2025-04-30,Cooperativa,True,514824845.38,19661.0,129,366
2025-04-30,Desenvolvimento/Fomento,False,14998341587.17,31135.0,158,598
2025-04-30,Desenvolvimento/Fomento,True,357648042.51,196.0,24,35
2025-04-30,Financeira,False,1697649660.3700001,174502.0,155,532
2025-04-30,Financeira,True,119652640.42,10845.0,59,144
2025-04-30,Fintech,False,113722047.93,4778.0,118,161
2025-04-30,Fintech,True,47497412.19,1245.0,26,43
2025-04-30,Instituição de pagamento,False,327195290.61,79984.0,43,119
2025-04-30,Instituição de pagamento,True,65298804.64,24129.0,3,36
2025-04-30,Outros,False,14164231.36,55.0,44,49
2025-04-30,Outros,True,12304.09,19.0,1,2
2025-05-31,Arrendamento,False,1167184882.59,749.0,75,113
2025-05-31,Arrendamento,True,20683523.72,0.0,4,4
2025-05-31,Banco,False,142905322485.82,1258675.0,815,3410
2025-05-31,Banco,True,2891247079.25,44483.0,153,496
2025-05-31,Cooperativa,False,30115948291.4,807222.0,478,2185
2025-05-31,Cooperativa,True,507549991.06,20028.0,125,362
2025-05-31,Desenvolvimento/Fomento,False,15040410821.6,31235.0,171,604
2025-05-31,Desenvolvimento/Fomento,True,357642918.04,203.0,26,39
2025-05-31,Financeira,False,1782917781.98,193587.0,149,534
2025-05-31,Financeira,True,92043461.58,9927.0,50,126
2025-05-31,Fintech,False,109984651.11999999,5602.0,122,166
2025-05-31,Fintech,True,51097285.06,1277.0,27,46
2025-05-31,Instituição de pagamento,False,346694476.78000003,80803.0,42,117
2025-05-31,Instituição de pagamento,True,62127684.129999995,23362.0,4,37
2025-05-31,Outros,False,14001635.19,41.0,42,46
2025-05-31,Outros,True,11576.49,18.0,1,2
2025-06-30,Arrendamento,False,1155235839.48,754.0,71,106
2025-06-30,Arrendamento,True,20826763.26,0.0,4,4
2025-06-30,Banco,False,142003923844.04,1263994.0,825,3413
2025-06-30,Banco,True,2959661538.01,51523.0,147,498
2025-06-30,Cooperativa,False,30137155107.51,809643.0,467,2183
2025-06-30,Cooperativa,True,553739867.96,20598.0,121,366
2025-06-30,Desenvolvimento/Fomento,False,15240403039.74,31347.0,159,601
2025-06-30,Desenvolvimento/Fomento,True,374631228.32,195.0,32,43
2025-06-30,Financeira,False,1812858090.23,204499.0,156,538
2025-06-30,Financeira,True,121058849.39999999,11270.0,54,142
2025-06-30,Fintech,False,107957960.56,1407.0,110,139
2025-06-30,Fintech,True,53708601.43,6170.0,37,72
2025-06-30,Instituição de pagamento,False,340212537.06,81437.0,42,115
2025-06-30,Instituição de pagamento,True,62417039.98,23373.0,5,38
2025-06-30,Outros,False,14014058.94,43.0,41,45
2025-06-30,Outros,True,11576.49,18.0,1,2
2025-07-31,Arrendamento,False,1153468238.03,669.0,70,100
2025-07-31,Arrendamento,True,37175548.77,0.0,6,6
2025-07-31,Banco,False,139504603222.3,1214208.0,850,3385
2025-07-31,Banco,True,5690100930.96,52723.0,165,517
2025-07-31,Cooperativa,False,30426477083.239998,809518.0,469,2193
2025-07-31,Cooperativa,True,620726664.93,21017.0,124,368
2025-07-31,Desenvolvimento/Fomento,False,15655582526.859999,31596.0,151,574
2025-07-31,Desenvolvimento/Fomento,True,54571368.47,7.0,16,18
2025-07-31,Financeira,False,1830249066.77,215573.0,169,549
2025-07-31,Financeira,True,133258414.67,11924.0,53,141
2025-07-31,Fintech,False,108491956.97,7169.0,108,154
2025-07-31,Fintech,True,50778549.46,1803.0,37,57
2025-07-31,Instituição de pagamento,False,324547736.33,79999.0,34,103
2025-07-31,Instituição de pagamento,True,90895838.78999999,23642.0,4,38
2025-07-31,Outros,False,13884418.44,46.0,38,42
2025-07-31,Outros,True,13972.289999999999,21.0,3,4
2025-08-31,Arrendamento,False,1179482962.01,695.0,71,102
2025-08-31,Arrendamento,True,35277348.29,0.0,6,6
2025-08-31,Banco,False,142731338755.66,1256694.0,873,3406
2025-08-31,Banco,True,2883014029.51,49758.0,172,475
2025-08-31,Cooperativa,False,30846646891.19,810888.0,459,2198
2025-08-31,Cooperativa,True,653632850.14,22821.0,125,366
2025-08-31,Desenvolvimento/Fomento,False,15740244576.9,31508.0,148,574
2025-08-31,Desenvolvimento/Fomento,True,54124580.1,7.0,17,19
2025-08-31,Financeira,False,1885072623.52,227534.0,168,544
2025-08-31,Financeira,True,135659828.26,12756.0,50,148
2025-08-31,Fintech,False,98267343.89,912.0,84,105
2025-08-31,Fintech,True,56117693.86,8410.0,38,75
2025-08-31,Instituição de pagamento,False,337234295.12,84375.0,32,101
2025-08-31,Instituição de pagamento,True,112151431.72,24493.0,4,38
2025-08-31,Outros,False,13835738.7,45.0,39,43
2025-08-31,Outros,True,15106.17,22.0,3,4
2025-09-30,Arrendamento,False,1358710547.5,904.0,78,119
2025-09-30,Arrendamento,True,33792964.15,0.0,7,7
2025-09-30,Banco,False,142277736637.04,1248174.0,854,3372
2025-09-30,Banco,True,3071058345.5299997,58206.0,168,473
2025-09-30,Cooperativa,False,31161008641.58,811366.0,465,2197
2025-09-30,Cooperativa,True,653832991.24,22122.0,125,361
2025-09-30,Desenvolvimento/Fomento,False,15854416508.42,31846.0,152,601
2025-09-30,Desenvolvimento/Fomento,True,53307931.62,7.0,16,19
2025-09-30,Financeira,False,1886586935.24,236511.0,163,542
2025-09-30,Financeira,True,166233105.61,14137.0,47,149
2025-09-30,Fintech,False,98858989.86,818.0,85,106
2025-09-30,Fintech,True,60163835.33,9335.0,37,78
2025-09-30,Instituição de pagamento,False,342633996.2,87328.0,32,104
2025-09-30,Instituição de pagamento,True,100641073.5,21892.0,7,41
2025-09-30,Outros,False,13880296.299999999,37.0,42,45
2025-09-30,Outros,True,13972.289999999999,21.0,3,4
2025-10-31,Arrendamento,False,1394609176.94,894.0,79,120
2025-10-31,Arrendamento,True,32384352.94,0.0,7,7
2025-10-31,Banco,False,144401689467.74,1248344.0,832,3357
2025-10-31,Banco,True,3048863357.48,54323.0,166,465
2025-10-31,Cooperativa,False,31449676133.61,808966.0,471,2208
2025-10-31,Cooperativa,True,749360916.39,23342.0,130,373
2025-10-31,Desenvolvimento/Fomento,False,16588264188.47,32300.0,164,614
2025-10-31,Desenvolvimento/Fomento,True,54314619.38,7.0,16,19
2025-10-31,Financeira,False,1965274041.28,250605.0,175,558
2025-10-31,Financeira,True,163836681.15,14680.0,51,151
2025-10-31,Fintech,False,96987869.58,810.0,82,103
2025-10-31,Fintech,True,48664336.36,10971.0,40,80
2025-10-31,Instituição de pagamento,False,358227066.46999997,88268.0,32,101
2025-10-31,Instituição de pagamento,True,83542199.87,20310.0,6,39
2025-10-31,Outros,False,13523255.67,37.0,37,40
2025-10-31,Outros,True,13972.289999999999,21.0,3,4
2025-11-30,Arrendamento,False,1413686910.05,904.0,79,123
2025-11-30,Arrendamento,True,28619194.05,0.0,6,6
2025-11-30,Banco,False,145469036239.03,1254748.0,836,3373
2025-11-30,Banco,True,2595414847.55,51387.0,165,482
2025-11-30,Cooperativa,False,31877051127.06,825999.0,463,2175
2025-11-30,Cooperativa,True,706011508.24,25129.0,122,427
2025-11-30,Desenvolvimento/Fomento,False,16808220615.45,32745.0,165,619
2025-11-30,Desenvolvimento/Fomento,True,55289212.21,7.0,18,21
2025-11-30,Financeira,False,2043567492.74,264065.0,191,504
2025-11-30,Financeira,True,194694668.03,15020.0,51,142
2025-11-30,Fintech,False,93005486.98,808.0,73,94
2025-11-30,Fintech,True,57233251.46,11931.0,41,82
2025-11-30,Instituição de pagamento,False,372033757.59,91117.0,36,101
2025-11-30,Instituição de pagamento,True,98880875.42,20992.0,5,39
2025-11-30,Outros,False,13382404.23,45.0,30,34
2025-11-30,Outros,True,13972.289999999999,21.0,3,4
2025-12-31,Arrendamento,False,1401378604.86,893.0,77,121
2025-12-31,Arrendamento,True,27682642.93,0.0,6,6
2025-12-31,Banco,False,147666744304.57,1244537.0,851,3411
2025-12-31,Banco,True,3296142026.41,60492.0,165,489
2025-12-31,Cooperativa,False,32036598869.670002,799863.0,437,2186
2025-12-31,Cooperativa,True,970765551.57,25825.0,131,440
2025-12-31,Desenvolvimento/Fomento,False,17181267362.91,32909.0,162,621
2025-12-31,Desenvolvimento/Fomento,True,56175192.94,7.0,18,21
2025-12-31,Financeira,False,2121367573.28,267785.0,176,476
2025-12-31,Financeira,True,212291356.1,14815.0,47,149
2025-12-31,Fintech,False,101362213.47000001,6668.0,105,155
2025-12-31,Fintech,True,49195591.66,1812.0,44,68
2025-12-31,Instituição de pagamento,False,358738941.38,92918.0,35,99
2025-12-31,Instituição de pagamento,True,39173252.58,19810.0,4,37
2025-12-31,Outros,False,13030975.53,45.0,29,33
2025-12-31,Outros,True,13972.289999999999,21.0,3,4
2026-01-31,Arrendamento,False,1385718686.1,841.0,82,121
2026-01-31,Arrendamento,True,33689718.62,0.0,6,6
2026-01-31,Banco,False,145348165353.4,1220933.0,878,3432
2026-01-31,Banco,True,3287419153.83,53862.0,181,476
2026-01-31,Cooperativa,False,32472492254.97,805853.0,443,2176
2026-01-31,Cooperativa,True,997684257.85,27736.0,125,440
2026-01-31,Desenvolvimento/Fomento,False,17101057782.49,33223.0,154,629
2026-01-31,Desenvolvimento/Fomento,True,52676126.59,7.0,18,21
2026-01-31,Financeira,False,2204558909.54,289325.0,172,474
2026-01-31,Financeira,True,188027616.89,15371.0,45,146
2026-01-31,Fintech,False,103516939.11,8067.0,102,158
2026-01-31,Fintech,True,48068202.669999994,1952.0,40,69
2026-01-31,Instituição de pagamento,False,367236120.5,96059.0,15,69
2026-01-31,Instituição de pagamento,True,14873453.3,14896.0,3,20
2026-01-31,Outros,False,9846236.01,44.0,27,31
2026-01-31,Outros,True,13972.289999999999,21.0,3,4
2026-02-28,Arrendamento,False,1443038933.62,830.0,82,119
2026-02-28,Arrendamento,True,24682898.04,0.0,6,6
2026-02-28,Banco,False,144807630417.83,1234961.0,846,3424
2026-02-28,Banco,True,4057195230.32,61523.0,173,466
2026-02-28,Cooperativa,False,33037151975.18,804432.0,434,2196
2026-02-28,Cooperativa,True,1023672482.47,29289.0,126,442
2026-02-28,Desenvolvimento/Fomento,False,16826292282.06,33373.0,158,636
2026-02-28,Desenvolvimento/Fomento,True,47870550.07,7.0,17,20
2026-02-28,Financeira,False,2235128537.51,300298.0,189,491
2026-02-28,Financeira,True,227133418.14000002,16324.0,43,146
2026-02-28,Fintech,False,96644674.02,8807.0,104,161
2026-02-28,Fintech,True,43001818.39,2073.0,39,71
2026-02-28,Instituição de pagamento,False,379280137.97,98750.0,37,102
2026-02-28,Instituição de pagamento,True,46715055.64,18718.0,3,37
2026-02-28,Outros,False,12323273.26,42.0,30,34
2026-02-28,Outros,True,13972.289999999999,21.0,3,4
2026-03-31,Arrendamento,False,1384276687.74,846.0,80,117
2026-03-31,Arrendamento,True,39833661.620000005,0.0,8,8
2026-03-31,Banco,False,149388780240.17,1257814.0,853,3387
2026-03-31,Banco,True,3599578444.94,53666.0,183,548
2026-03-31,Cooperativa,False,33739991201.81,806006.0,433,2225
2026-03-31,Cooperativa,True,1027591195.9399999,28480.0,130,448
2026-03-31,Desenvolvimento/Fomento,False,17244797369.59,33820.0,155,637
2026-03-31,Desenvolvimento/Fomento,True,47672789.18,7.0,18,21
2026-03-31,Financeira,False,2259062285.92,312081.0,177,484
2026-03-31,Financeira,True,227659595.75,16513.0,40,145
2026-03-31,Fintech,False,90428368.22000001,9312.0,100,156
2026-03-31,Fintech,True,43268882.2,2182.0,43,77
2026-03-31,Instituição de pagamento,False,394951799.62,99017.0,40,104
2026-03-31,Instituição de pagamento,True,39682137.91,17822.0,4,37
2026-03-31,Outros,False,12723062.57,33.0,28,31
2026-03-31,Outros,True,13972.289999999999,21.0,3,4
2026-04-30,Arrendamento,False,1372786372.04,850.0,78,117
2026-04-30,Arrendamento,True,25532804.39,0.0,7,7
2026-04-30,Banco,False,150479619043.19,1244796.0,869,3479
2026-04-30,Banco,True,2904164872.89,48492.0,175,468
2026-04-30,Cooperativa,False,34176086186.760002,814832.0,421,2151
2026-04-30,Cooperativa,True,1092205053.9,29182.0,126,443
2026-04-30,Desenvolvimento/Fomento,False,17316850702.99,34008.0,160,641
2026-04-30,Desenvolvimento/Fomento,True,60932543.01,7.0,19,22
2026-04-30,Financeira,False,2291453207.68,320947.0,176,485
2026-04-30,Financeira,True,266628909.11,17168.0,45,145
2026-04-30,Fintech,False,99954112.48,10207.0,107,165
2026-04-30,Fintech,True,45150393.94,2340.0,53,89
2026-04-30,Instituição de pagamento,False,398037338.91,103007.0,39,103
2026-04-30,Instituição de pagamento,True,50582715.32,18369.0,3,37
2026-04-30,Outros,False,12972260.17,26.0,32,34
2026-04-30,Outros,True,13972.289999999999,21.0,3,4
2026-05-31,Arrendamento,False,1383512142.84,843.0,78,117
2026-05-31,Arrendamento,True,24923181.36,0.0,7,7
2026-05-31,Banco,False,151009654283.5,1257029.0,844,3456
2026-05-31,Banco,True,2811215196.89,51018.0,173,476
2026-05-31,Cooperativa,False,34590846312.55,816937.0,430,2151
2026-05-31,Cooperativa,True,1079795706.63,29513.0,128,460
2026-05-31,Desenvolvimento/Fomento,False,17222608846.01,34325.0,154,634
2026-05-31,Desenvolvimento/Fomento,True,60978227.01,7.0,19,22
2026-05-31,Financeira,False,2430950288.01,332882.0,172,483
2026-05-31,Financeira,True,247963579.04,17729.0,44,147
2026-05-31,Fintech,False,107736840.3,11152.0,102,165
2026-05-31,Fintech,True,49594280.78,2471.0,48,89
2026-05-31,Instituição de pagamento,False,424668984.87,105781.0,38,102
2026-05-31,Instituição de pagamento,True,53911236.839999996,10919.0,3,37
2026-05-31,Outros,False,13411245.63,31.0,33,36
2026-05-31,Outros,True,13972.289999999999,21.0,3,4
